model	p0	lam	c	half_life	r2
blip2	0.19076064461232023	0.44357801952145165	0.12105247389128773	1.5626274297985687	0.45531717534583627
llava	0.23604174817561505	0.4389321409482029	0.4100320967949129	1.579167064554841	0.4952445013960832
qwen	0.2981156964153135	0.2667612884175121	0.4226930208492722	2.5983799398775216	0.5878249690403686
