k,mean,N
1,0.28255528255528256,407
2,0.2519480519480519,385
3,0.24533333333333332,375
4,0.07977207977207977,351
5,0.1178343949044586,314
6,0.11231884057971014,276
