k,mean,N
1,0.5945945945945946,407
2,0.5844155844155844,385
3,0.6106666666666667,375
4,0.2934472934472934,351
5,0.42356687898089174,314
6,0.3695652173913043,276
