k,mean,N
1,0.687960687960688,407
2,0.6441558441558441,385
3,0.6933333333333334,375
4,0.34472934472934474,351
5,0.4554140127388535,314
6,0.4891304347826087,276
